{"cameraMode":{"drawMode":0,"name":"Shaded","section":"Shading Mode"},"sceneLighting":true,"audioPlay":false,"sceneViewState":{"m_AlwaysRefresh":false,"showFog":true,"showSkybox":true,"showFlares":true,"showImageEffects":true,"showParticleSystems":true,"showVisualEffectGraphs":true,"m_FxEnabled":true},"in2DMode":false,"pivot":{"x":-11.943756103515625,"y":0.5052095651626587,"z":-3.4088945388793947},"rotation":{"x":-0.01496792584657669,"y":0.836046576499939,"z":-0.022838357836008073,"w":-0.5479896664619446},"size":8.392425537109375,"orthographic":false}